category,effective_price,source,identifier,original_price,datetime,date,prefer,name
chicken,5.69,evroopt,1207465,5.69,,2021-12-13,True,"Тушка цыпленка-бройлера «Петруха» потрошеная, охлажденная 1 кг"
milk_low_fat,1.655539,evroopt,567997,1.49,,2021-12-13,True,"«Бабушкина крынка» ультрапастеризованное, 1.5%, 900 мл"
milk_high_fat,1.877778,evroopt,568002,1.69,,2021-12-13,True,"«Бабушкина крынка» ультрапастеризованное, 3.2%, 900 мл"
cheese,3.53,evroopt,761990,3.53,,2021-12-13,True,"«Брест-Литовск» Классический, 45 %, 200 г"
tvaroh,2.49,evroopt,684114,2.49,,2021-12-13,True,"Творог рассыпчатый «Савушкин», 5%, 350 г"
egg,2.47,evroopt,,2.47,,2021-12-13,True,"«Местный фермер» С1, 10 шт"
oatmeal,0.89,evroopt,1192,0.85,,2021-12-13,True,"Хлопья овсяные «Экстра» № 3, 500 г"
bread,0.83,evroopt,882055,0.83,,2021-12-13,True,"Хлеб «Майский» традиционный, 450 г"
kaubasa,9.46,evroopt,33827,9.46,,2021-12-13,True,"«Докторская» высшего сорта, 1 кг, фасовка 0.6 - 0.8 кг"
chicken,5.69,evroopt,1207465,5.65,,2021-12-21,True,"Тушка цыпленка-бройлера «Петруха» потрошеная, охлажденная 1 кг"
milk_low_fat,1.655539,evroopt,567997,1.49,,2021-12-21,True,"«Бабушкина крынка» ультрапастеризованное, 1.5%, 900 мл"
milk_high_fat,1.944425,evroopt,568002,1.75,,2021-12-21,True,"«Бабушкина крынка» ультрапастеризованное, 3.2%, 900 мл"
cheese,3.53,evroopt,761990,3.53,,2021-12-21,True,"«Брест-Литовск» Классический, 45 %, 200 г"
tvaroh,2.49,evroopt,684114,2.49,,2021-12-21,True,"Творог рассыпчатый «Савушкин», 5%, 350 г"
egg,2.61,evroopt,24541,2.61,,2021-12-21,True,"«1-я Минская птицефабрика» С1, 10 шт"
oatmeal,0.89,evroopt,1192,0.85,,2021-12-21,True,"Хлопья овсяные «Экстра» № 3, 500 г"
bread,0.83,evroopt,882055,0.83,,2021-12-21,True,"Хлеб «Майский» традиционный, 450 г"
kaubasa,9.46,evroopt,33827,9.46,,2021-12-21,True,"«Докторская» высшего сорта, 1 кг, фасовка 0.6 - 0.8 кг"
chicken,5.69,evroopt,1207465,5.69,2021-12-26 15:15:29,2021-12-26,True,"Тушка цыпленка-бройлера «Петруха» потрошеная, охлажденная 1 кг"
milk_low_fat,1.655539,evroopt,567997,1.49,2021-12-26 15:15:29,2021-12-26,True,"«Бабушкина крынка» ультрапастеризованное, 1.5%, 900 мл"
milk_high_fat,1.944425,evroopt,568002,1.75,2021-12-26 15:15:29,2021-12-26,True,"«Бабушкина крынка» ультрапастеризованное, 3.2%, 900 мл"
cheese,3.53,evroopt,761990,3.53,2021-12-26 15:15:29,2021-12-26,True,"«Брест-Литовск» Классический, 45 %, 200 г"
tvaroh,2.49,evroopt,684114,2.49,2021-12-26 15:15:29,2021-12-26,True,"Творог рассыпчатый «Савушкин», 5%, 350 г"
egg,2.61,evroopt,24541,2.61,2021-12-26 15:15:29,2021-12-26,True,"«1-я Минская птицефабрика» С1, 10 шт"
oatmeal,0.89,evroopt,1192,0.89,2021-12-26 15:15:29,2021-12-26,True,"Хлопья овсяные «Экстра» № 3, 500 г"
bread,0.83,evroopt,882055,0.83,2021-12-26 15:15:29,2021-12-26,True,"Хлеб «Майский» традиционный, 450 г"
kaubasa,9.46,evroopt,33827,9.46,2021-12-26 15:15:29,2021-12-26,True,"«Докторская» высшего сорта, 1 кг, фасовка 0.6 - 0.8 кг"
chicken,5.69,evroopt,1207465,5.69,2021-12-27 07:44:37,2021-12-27,True,"Тушка цыпленка-бройлера «Петруха» потрошеная, охлажденная 1 кг"
milk_low_fat,1.655539,evroopt,567997,1.49,2021-12-27 07:44:37,2021-12-27,True,"«Бабушкина крынка» ультрапастеризованное, 1.5%, 900 мл"
milk_high_fat,1.944425,evroopt,568002,1.75,2021-12-27 07:44:37,2021-12-27,True,"«Бабушкина крынка» ультрапастеризованное, 3.2%, 900 мл"
cheese,3.53,evroopt,761990,3.53,2021-12-27 07:44:37,2021-12-27,True,"«Брест-Литовск» Классический, 45 %, 200 г"
tvaroh,2.49,evroopt,684114,2.49,2021-12-27 07:44:37,2021-12-27,True,"Творог рассыпчатый «Савушкин», 5%, 350 г"
egg,2.61,evroopt,24541,2.61,2021-12-27 07:44:37,2021-12-27,True,"«1-я Минская птицефабрика» С1, 10 шт"
oatmeal,0.89,evroopt,1192,0.89,2021-12-27 07:44:37,2021-12-27,True,"Хлопья овсяные «Экстра» № 3, 500 г"
bread,0.83,evroopt,882055,0.83,2021-12-27 07:44:37,2021-12-27,True,"Хлеб «Майский» традиционный, 450 г"
kaubasa,9.46,evroopt,33827,9.46,2021-12-27 07:44:37,2021-12-27,True,"«Докторская» высшего сорта, 1 кг, фасовка 0.6 - 0.8 кг"
chicken,5.69,evroopt,1207465,5.69,2021-12-30 08:45:13,2021-12-30,True,"Тушка цыпленка-бройлера «Петруха» потрошеная, охлажденная 1 кг"
milk_low_fat,1.66665,evroopt,567997,1.5,2021-12-30 08:45:13,2021-12-30,True,"«Бабушкина крынка» ультрапастеризованное, 1.5%, 900 мл"
milk_high_fat,1.944425,evroopt,568002,1.75,2021-12-30 08:45:13,2021-12-30,True,"«Бабушкина крынка» ультрапастеризованное, 3.2%, 900 мл"
cheese,3.53,evroopt,761990,3.53,2021-12-30 08:45:13,2021-12-30,True,"«Брест-Литовск» Классический, 45 %, 200 г"
tvaroh,2.49,evroopt,684114,2.49,2021-12-30 08:45:13,2021-12-30,True,"Творог рассыпчатый «Савушкин», 5%, 350 г"
egg,2.54,evroopt,225378,2.54,2021-12-30 08:45:13,2021-12-30,True,"«Оршанская Птицефабрика» Семейный завтрак, С1, 10 шт"
oatmeal,0.89,evroopt,1192,0.89,2021-12-30 08:45:13,2021-12-30,True,"Хлопья овсяные «Экстра» № 3, 500 г"
bread,0.83,evroopt,882055,0.83,2021-12-30 08:45:13,2021-12-30,True,"Хлеб «Майский» традиционный, 450 г"
kaubasa,9.5,evroopt,365111,9.5,2021-12-30 08:45:13,2021-12-30,True,"«Докторская с маслицем» высшего сорта, 1 кг, фасовка 0.6 - 0.8 кг"
chicken,5.39,evroopt,1207465,5.39,2022-01-03 13:15:27,2022-01-03,True,"Тушка цыпленка-бройлера «Петруха» потрошеная, охлажденная 1 кг"
milk_low_fat,1.666715,evroopt,474138,1.55,2022-01-03 13:15:27,2022-01-03,True,"«Молочный гостинец» ультрапастеризованное, 1.5%, 930 мл"
milk_high_fat,1.955536,evroopt,568002,1.76,2022-01-03 13:15:27,2022-01-03,True,"«Бабушкина крынка» ультрапастеризованное, 3.2%, 900 мл"
tvaroh,2.49,evroopt,684114,2.49,2022-01-03 13:15:27,2022-01-03,True,"Творог рассыпчатый «Савушкин», 5%, 350 г"
egg,2.54,evroopt,225378,2.54,2022-01-03 13:15:27,2022-01-03,True,"«Оршанская Птицефабрика» Семейный завтрак, С1, 10 шт"
oatmeal,0.89,evroopt,1192,0.89,2022-01-03 13:15:27,2022-01-03,True,"Хлопья овсяные «Экстра» № 3, 500 г"
bread,0.83,evroopt,882055,0.83,2022-01-03 13:15:27,2022-01-03,True,"Хлеб «Майский» традиционный, 450 г"
kaubasa,9.46,evroopt,33827,9.46,2022-01-03 13:15:27,2022-01-03,True,"«Докторская» высшего сорта, 1 кг, фасовка 0.6 - 0.8 кг"
cheese,3.529856,evroopt,761994,3.68,2022-01-03 13:15:27,2022-01-03,False,"«Брест-Литовск» Сливочный, 50 %, 200 г"
chicken,5.39,evroopt,1207465,5.39,2022-01-04 08:18:57,2022-01-04,True,"Тушка цыпленка-бройлера «Петруха» потрошеная, охлажденная 1 кг"
milk_low_fat,1.569938,evroopt,474138,1.46,2022-01-04 08:18:57,2022-01-04,True,"«Молочный гостинец» ультрапастеризованное, 1.5%, 930 мл"
milk_high_fat,1.955536,evroopt,568002,1.76,2022-01-04 08:18:57,2022-01-04,True,"«Бабушкина крынка» ультрапастеризованное, 3.2%, 900 мл"
cheese,3.53,evroopt,761990,3.53,2022-01-04 08:18:57,2022-01-04,True,"«Брест-Литовск» Классический, 45 %, 200 г"
tvaroh,2.49,evroopt,684114,2.49,2022-01-04 08:18:57,2022-01-04,True,"Творог рассыпчатый «Савушкин», 5%, 350 г"
egg,2.54,evroopt,225378,2.54,2022-01-04 08:18:57,2022-01-04,True,"«Оршанская Птицефабрика» Семейный завтрак, С1, 10 шт"
oatmeal,0.89,evroopt,1192,0.89,2022-01-04 08:18:57,2022-01-04,True,"Хлопья овсяные «Экстра» № 3, 500 г"
bread,0.83,evroopt,882055,0.83,2022-01-04 08:18:57,2022-01-04,True,"Хлеб «Майский» традиционный, 450 г"
kaubasa,9.46,evroopt,33827,9.46,2022-01-04 08:18:57,2022-01-04,True,"«Докторская» высшего сорта, 1 кг, фасовка 0.6 - 0.8 кг"
chicken,5.39,evroopt,1207465,5.39,2022-01-05 07:10:08,2022-01-05,True,"Тушка цыпленка-бройлера «Петруха» потрошеная, охлажденная 1 кг"
milk_low_fat,1.602197,evroopt,474138,1.49,2022-01-05 07:10:08,2022-01-05,True,"«Молочный гостинец» ультрапастеризованное, 1.5%, 930 мл"
milk_high_fat,1.955536,evroopt,568002,1.76,2022-01-05 07:10:08,2022-01-05,True,"«Бабушкина крынка» ультрапастеризованное, 3.2%, 900 мл"
cheese,3.53,evroopt,761990,3.53,2022-01-05 07:10:08,2022-01-05,True,"«Брест-Литовск» Классический, 45 %, 200 г"
tvaroh,2.49,evroopt,684114,2.49,2022-01-05 07:10:08,2022-01-05,True,"Творог рассыпчатый «Савушкин», 5%, 350 г"
egg,2.54,evroopt,225378,2.54,2022-01-05 07:10:08,2022-01-05,True,"«Оршанская Птицефабрика» Семейный завтрак, С1, 10 шт"
oatmeal,0.89,evroopt,1192,0.89,2022-01-05 07:10:08,2022-01-05,True,"Хлопья овсяные «Экстра» № 3, 500 г"
bread,0.83,evroopt,882055,0.83,2022-01-05 07:10:08,2022-01-05,True,"Хлеб «Майский» традиционный, 450 г"
kaubasa,9.46,evroopt,33827,9.46,2022-01-05 07:10:08,2022-01-05,True,"«Докторская» высшего сорта, 1 кг, фасовка 0.6 - 0.8 кг"
chicken,5.69,evroopt,1207465,5.69,2022-01-06 08:49:50,2022-01-06,True,"Тушка цыпленка-бройлера «Петруха» потрошеная, охлажденная 1 кг"
milk_low_fat,1.722205,evroopt,567997,1.55,2022-01-06 08:49:50,2022-01-06,True,"«Бабушкина крынка» ультрапастеризованное, 1.5%, 900 мл"
milk_high_fat,1.988869,evroopt,568002,1.79,2022-01-06 08:49:50,2022-01-06,True,"«Бабушкина крынка» ультрапастеризованное, 3.2%, 900 мл"
cheese,3.53,evroopt,761990,3.53,2022-01-06 08:49:50,2022-01-06,True,"«Брест-Литовск» Классический, 45 %, 200 г"
tvaroh,2.49,evroopt,684114,2.49,2022-01-06 08:49:50,2022-01-06,True,"Творог рассыпчатый «Савушкин», 5%, 350 г"
egg,2.54,evroopt,225378,2.54,2022-01-06 08:49:50,2022-01-06,True,"«Оршанская Птицефабрика» Семейный завтрак, С1, 10 шт"
oatmeal,0.89,evroopt,1192,0.89,2022-01-06 08:49:50,2022-01-06,True,"Хлопья овсяные «Экстра» № 3, 500 г"
bread,0.83,evroopt,882055,0.83,2022-01-06 08:49:50,2022-01-06,True,"Хлеб «Майский» традиционный, 450 г"
kaubasa,9.46,evroopt,33827,9.46,2022-01-06 08:49:50,2022-01-06,True,"«Докторская» высшего сорта, 1 кг, фасовка 0.6 - 0.8 кг"
chicken,5.69,evroopt,1207465,5.69,2022-01-07 08:31:34,2022-01-07,True,"Тушка цыпленка-бройлера «Петруха» потрошеная, охлажденная 1 кг"
milk_low_fat,1.722205,evroopt,567997,1.55,2022-01-07 08:31:34,2022-01-07,True,"«Бабушкина крынка» ультрапастеризованное, 1.5%, 900 мл"
milk_high_fat,1.988869,evroopt,568002,1.79,2022-01-07 08:31:34,2022-01-07,True,"«Бабушкина крынка» ультрапастеризованное, 3.2%, 900 мл"
cheese,3.53,evroopt,761990,3.53,2022-01-07 08:31:34,2022-01-07,True,"«Брест-Литовск» Классический, 45 %, 200 г"
tvaroh,2.49,evroopt,684114,2.49,2022-01-07 08:31:34,2022-01-07,True,"Творог рассыпчатый «Савушкин», 5%, 350 г"
egg,2.54,evroopt,225378,2.54,2022-01-07 08:31:34,2022-01-07,True,"«Оршанская Птицефабрика» Семейный завтрак, С1, 10 шт"
oatmeal,0.89,evroopt,1192,0.89,2022-01-07 08:31:34,2022-01-07,True,"Хлопья овсяные «Экстра» № 3, 500 г"
bread,0.83,evroopt,882055,0.83,2022-01-07 08:31:34,2022-01-07,True,"Хлеб «Майский» традиционный, 450 г"
kaubasa,9.46,evroopt,33827,9.46,2022-01-07 08:31:34,2022-01-07,True,"«Докторская» высшего сорта, 1 кг, фасовка 0.6 - 0.8 кг"
chicken,5.69,evroopt,1207465,5.69,2022-01-11 07:35:45,2022-01-11,True,"Тушка цыпленка-бройлера «Петруха» потрошеная, охлажденная 1 кг"
milk_low_fat,1.75,evroopt,911715,1.75,2022-01-11 07:35:45,2022-01-11,True,"«Савушкин» ультрапастеризованное, 1.5%, 1 л"
milk_high_fat,2.055535,evroopt,568002,1.85,2022-01-11 07:35:45,2022-01-11,True,"«Бабушкина крынка» ультрапастеризованное, 3.2%, 900 мл"
cheese,3.53,evroopt,761990,3.53,2022-01-11 07:35:45,2022-01-11,True,"«Брест-Литовск» Классический, 45 %, 200 г"
tvaroh,2.49,evroopt,684114,2.49,2022-01-11 07:35:45,2022-01-11,True,"Творог рассыпчатый «Савушкин», 5%, 350 г"
egg,2.54,evroopt,225378,2.54,2022-01-11 07:35:45,2022-01-11,True,"«Оршанская Птицефабрика» Семейный завтрак, С1, 10 шт"
oatmeal,0.89,evroopt,1192,0.89,2022-01-11 07:35:45,2022-01-11,True,"Хлопья овсяные «Экстра» № 3, 500 г"
bread,0.83,evroopt,882055,0.83,2022-01-11 07:35:45,2022-01-11,True,"Хлеб «Майский» традиционный, 450 г"
kaubasa,9.5,evroopt,365111,9.5,2022-01-11 07:35:45,2022-01-11,True,"«Докторская с маслицем» высшего сорта, 1 кг, фасовка 0.6 - 0.8 кг"
chicken,5.69,evroopt,1207465,5.69,2022-01-12 12:47:41,2022-01-12,True,"Тушка цыпленка-бройлера «Петруха» потрошеная, охлажденная 1 кг"
milk_low_fat,1.75,evroopt,911715,1.75,2022-01-12 12:47:41,2022-01-12,True,"«Савушкин» ультрапастеризованное, 1.5%, 1 л"
milk_high_fat,2.055535,evroopt,568002,1.85,2022-01-12 12:47:41,2022-01-12,True,"«Бабушкина крынка» ультрапастеризованное, 3.2%, 900 мл"
cheese,3.53,evroopt,761990,3.53,2022-01-12 12:47:41,2022-01-12,True,"«Брест-Литовск» Классический, 45 %, 200 г"
tvaroh,2.49,evroopt,684114,2.49,2022-01-12 12:47:41,2022-01-12,True,"Творог рассыпчатый «Савушкин», 5%, 350 г"
egg,2.54,evroopt,225378,2.54,2022-01-12 12:47:41,2022-01-12,True,"«Оршанская Птицефабрика» Семейный завтрак, С1, 10 шт"
oatmeal,0.89,evroopt,1192,0.89,2022-01-12 12:47:41,2022-01-12,True,"Хлопья овсяные «Экстра» № 3, 500 г"
bread,0.83,evroopt,882055,0.83,2022-01-12 12:47:41,2022-01-12,True,"Хлеб «Майский» традиционный, 450 г"
kaubasa,9.700,evroopt,457685,3.88,2022-01-12 12:47:41,2022-01-12,False,Колбаса вареная «Молочная» новая 400 г
chicken,5.69,evroopt,1207465,5.69,2022-01-13 06:42:38,2022-01-13,True,"Тушка цыпленка-бройлера «Петруха» потрошеная, охлажденная 1 кг"
milk_low_fat,1.75,evroopt,911715,1.75,2022-01-13 06:42:38,2022-01-13,True,"«Савушкин» ультрапастеризованное, 1.5%, 1 л"
milk_high_fat,2.055535,evroopt,568002,1.85,2022-01-13 06:42:38,2022-01-13,True,"«Бабушкина крынка» ультрапастеризованное, 3.2%, 900 мл"
cheese,3.53,evroopt,761990,3.53,2022-01-13 06:42:38,2022-01-13,True,"«Брест-Литовск» Классический, 45 %, 200 г"
tvaroh,2.49,evroopt,684114,2.49,2022-01-13 06:42:38,2022-01-13,True,"Творог рассыпчатый «Савушкин», 5%, 350 г"
egg,2.54,evroopt,225378,2.54,2022-01-13 06:42:38,2022-01-13,True,"«Оршанская Птицефабрика» Семейный завтрак, С1, 10 шт"
oatmeal,0.89,evroopt,1192,0.89,2022-01-13 06:42:38,2022-01-13,True,"Хлопья овсяные «Экстра» № 3, 500 г"
bread,0.83,evroopt,882055,0.83,2022-01-13 06:42:38,2022-01-13,True,"Хлеб «Майский» традиционный, 450 г"
kaubasa,9.700,evroopt,457685,3.88,2022-01-13 06:42:38,2022-01-13,False,Колбаса вареная «Молочная» новая 400 г
chicken,5.71,evroopt,1207465,5.71,2022-01-14 09:21:25,2022-01-14,True,"Тушка цыпленка-бройлера «Петруха» потрошеная, охлажденная 1 кг"
milk_low_fat,1.75,evroopt,911715,1.75,2022-01-14 09:21:25,2022-01-14,True,"«Савушкин» ультрапастеризованное, 1.5%, 1 л"
milk_high_fat,2.055535,evroopt,568002,1.85,2022-01-14 09:21:25,2022-01-14,True,"«Бабушкина крынка» ультрапастеризованное, 3.2%, 900 мл"
cheese,3.53,evroopt,761990,3.53,2022-01-14 09:21:25,2022-01-14,True,"«Брест-Литовск» Классический, 45 %, 200 г"
tvaroh,2.49,evroopt,684114,2.49,2022-01-14 09:21:25,2022-01-14,True,"Творог рассыпчатый «Савушкин», 5%, 350 г"
egg,2.54,evroopt,225378,2.54,2022-01-14 09:21:25,2022-01-14,True,"«Оршанская Птицефабрика» Семейный завтрак, С1, 10 шт"
oatmeal,0.89,evroopt,1192,0.89,2022-01-14 09:21:25,2022-01-14,True,"Хлопья овсяные «Экстра» № 3, 500 г"
bread,0.83,evroopt,882055,0.83,2022-01-14 09:21:25,2022-01-14,True,"Хлеб «Майский» традиционный, 450 г"
kaubasa,9.700,evroopt,457685,3.88,2022-01-14 09:21:25,2022-01-14,False,Колбаса вареная «Молочная» новая 400 г
chicken,5.71,evroopt,1207465,5.71,2022-01-17 08:13:20,2022-01-17,True,"Тушка цыпленка-бройлера «Петруха» потрошеная, охлажденная 1 кг"
milk_low_fat,1.75,evroopt,911715,1.75,2022-01-17 08:13:20,2022-01-17,True,"«Савушкин» ультрапастеризованное, 1.5%, 1 л"
milk_high_fat,2.055535,evroopt,568002,1.85,2022-01-17 08:13:20,2022-01-17,True,"«Бабушкина крынка» ультрапастеризованное, 3.2%, 900 мл"
cheese,3.53,evroopt,761990,3.53,2022-01-17 08:13:20,2022-01-17,True,"«Брест-Литовск» Классический, 45 %, 200 г"
tvaroh,2.49,evroopt,684114,2.49,2022-01-17 08:13:20,2022-01-17,True,"Творог рассыпчатый «Савушкин», 5%, 350 г"
egg,2.54,evroopt,225378,2.54,2022-01-17 08:13:20,2022-01-17,True,"«Оршанская Птицефабрика» Семейный завтрак, С1, 10 шт"
oatmeal,0.89,evroopt,1192,0.89,2022-01-17 08:13:20,2022-01-17,True,"Хлопья овсяные «Экстра» № 3, 500 г"
bread,0.83,evroopt,882055,0.83,2022-01-17 08:13:20,2022-01-17,True,"Хлеб «Майский» традиционный, 450 г"
kaubasa,9.700,evroopt,457685,3.88,2022-01-17 08:13:20,2022-01-17,False,Колбаса вареная «Молочная» новая 400 г
chicken,5.71,evroopt,1207465,5.71,2022-01-18 08:12:19,2022-01-18,True,"Тушка цыпленка-бройлера «Петруха» потрошеная, охлажденная 1 кг"
milk_low_fat,1.75,evroopt,911715,1.75,2022-01-18 08:12:19,2022-01-18,True,"«Савушкин» ультрапастеризованное, 1.5%, 1 л"
milk_high_fat,2.055535,evroopt,568002,1.85,2022-01-18 08:12:19,2022-01-18,True,"«Бабушкина крынка» ультрапастеризованное, 3.2%, 900 мл"
cheese,3.53,evroopt,761990,3.53,2022-01-18 08:12:19,2022-01-18,True,"«Брест-Литовск» Классический, 45 %, 200 г"
tvaroh,2.49,evroopt,684114,2.49,2022-01-18 08:12:19,2022-01-18,True,"Творог рассыпчатый «Савушкин», 5%, 350 г"
egg,2.54,evroopt,35073,2.54,2022-01-18 08:12:19,2022-01-18,True,"«Оршанская Птицефабрика» Столовые, С1, 10 шт"
oatmeal,0.89,evroopt,1192,0.89,2022-01-18 08:12:19,2022-01-18,True,"Хлопья овсяные «Экстра» № 3, 500 г"
bread,0.83,evroopt,882055,0.83,2022-01-18 08:12:19,2022-01-18,True,"Хлеб «Майский» традиционный, 450 г"
kaubasa,10.150,evroopt,537240,4.06,2022-01-18 08:12:19,2022-01-18,False,Колбаса вареная «Докторская» 400 г
chicken,5.71,evroopt,1207465,5.71,2022-01-20 09:21:33,2022-01-20,True,"Тушка цыпленка-бройлера «Петруха» потрошеная, охлажденная 1 кг"
milk_low_fat,1.75,evroopt,911715,1.75,2022-01-20 09:21:33,2022-01-20,True,"«Савушкин» ультрапастеризованное, 1.5%, 1 л"
milk_high_fat,2.055535,evroopt,568002,1.85,2022-01-20 09:21:33,2022-01-20,True,"«Бабушкина крынка» ультрапастеризованное, 3.2%, 900 мл"
cheese,3.53,evroopt,761990,3.53,2022-01-20 09:21:33,2022-01-20,True,"«Брест-Литовск» Классический, 45 %, 200 г"
tvaroh,2.49,evroopt,684114,2.49,2022-01-20 09:21:33,2022-01-20,True,"Творог рассыпчатый «Савушкин», 5%, 350 г"
egg,2.54,evroopt,225378,2.54,2022-01-20 09:21:33,2022-01-20,True,"«Оршанская Птицефабрика» Семейный завтрак, С1, 10 шт"
oatmeal,0.89,evroopt,1192,0.89,2022-01-20 09:21:33,2022-01-20,True,"Хлопья овсяные «Экстра» № 3, 500 г"
bread,0.83,evroopt,882055,0.83,2022-01-20 09:21:33,2022-01-20,True,"Хлеб «Майский» традиционный, 450 г"
kaubasa,9.700,evroopt,457685,3.88,2022-01-20 09:21:33,2022-01-20,False,Колбаса вареная «Молочная» новая 400 г
chicken,5.71,evroopt,1207465,5.71,2022-01-24 12:40:13,2022-01-24,True,"Тушка цыпленка-бройлера «Петруха» потрошеная, охлажденная 1 кг"
milk_low_fat,1.75,evroopt,911715,1.75,2022-01-24 12:40:13,2022-01-24,True,"«Савушкин» ультрапастеризованное, 1.5%, 1 л"
milk_high_fat,2.055535,evroopt,568002,1.85,2022-01-24 12:40:13,2022-01-24,True,"«Бабушкина крынка» ультрапастеризованное, 3.2%, 900 мл"
cheese,3.53,evroopt,761990,3.53,2022-01-24 12:40:13,2022-01-24,True,"«Брест-Литовск» Классический, 45 %, 200 г"
tvaroh,2.49,evroopt,684114,2.49,2022-01-24 12:40:13,2022-01-24,True,"Творог рассыпчатый «Савушкин», 5%, 350 г"
egg,2.54,evroopt,225378,2.54,2022-01-24 12:40:13,2022-01-24,True,"«Оршанская Птицефабрика» Семейный завтрак, С1, 10 шт"
oatmeal,0.89,evroopt,1192,0.89,2022-01-24 12:40:13,2022-01-24,True,"Хлопья овсяные «Экстра» № 3, 500 г"
bread,0.83,evroopt,882055,0.83,2022-01-24 12:40:13,2022-01-24,True,"Хлеб «Майский» традиционный, 450 г"
kaubasa,10.025,evroopt,457685,4.01,2022-01-24 12:40:13,2022-01-24,False,Колбаса вареная «Молочная» новая 400 г
chicken,5.71,evroopt,1207465,5.71,2022-01-25 08:17:12,2022-01-25,True,"Тушка цыпленка-бройлера «Петруха» потрошеная, охлажденная 1 кг"
milk_low_fat,1.75,evroopt,911715,1.75,2022-01-25 08:17:12,2022-01-25,True,"«Савушкин» ультрапастеризованное, 1.5%, 1 л"
milk_high_fat,2.055535,evroopt,568002,1.85,2022-01-25 08:17:12,2022-01-25,True,"«Бабушкина крынка» ультрапастеризованное, 3.2%, 900 мл"
cheese,3.53,evroopt,761990,3.53,2022-01-25 08:17:12,2022-01-25,True,"«Брест-Литовск» Классический, 45 %, 200 г"
tvaroh,2.49,evroopt,684114,2.49,2022-01-25 08:17:12,2022-01-25,True,"Творог рассыпчатый «Савушкин», 5%, 350 г"
egg,2.54,evroopt,225378,2.54,2022-01-25 08:17:12,2022-01-25,True,"«Оршанская Птицефабрика» Семейный завтрак, С1, 10 шт"
oatmeal,0.89,evroopt,1192,0.89,2022-01-25 08:17:12,2022-01-25,True,"Хлопья овсяные «Экстра» № 3, 500 г"
bread,0.83,evroopt,882055,0.83,2022-01-25 08:17:12,2022-01-25,True,"Хлеб «Майский» традиционный, 450 г"
kaubasa,10.025,evroopt,457685,4.01,2022-01-25 08:17:12,2022-01-25,False,Колбаса вареная «Молочная» новая 400 г
chicken,5.71,evroopt,1207465,5.71,2022-01-26 07:07:48,2022-01-26,True,"Тушка цыпленка-бройлера «Петруха» потрошеная, охлажденная 1 кг"
milk_low_fat,1.75,evroopt,911715,1.75,2022-01-26 07:07:48,2022-01-26,True,"«Савушкин» ультрапастеризованное, 1.5%, 1 л"
milk_high_fat,2.055535,evroopt,568002,1.85,2022-01-26 07:07:48,2022-01-26,True,"«Бабушкина крынка» ультрапастеризованное, 3.2%, 900 мл"
cheese,3.53,evroopt,761990,3.53,2022-01-26 07:07:48,2022-01-26,True,"«Брест-Литовск» Классический, 45 %, 200 г"
tvaroh,2.49,evroopt,684114,2.49,2022-01-26 07:07:48,2022-01-26,True,"Творог рассыпчатый «Савушкин», 5%, 350 г"
egg,2.54,evroopt,225378,2.54,2022-01-26 07:07:48,2022-01-26,True,"«Оршанская Птицефабрика» Семейный завтрак, С1, 10 шт"
oatmeal,0.89,evroopt,1192,0.89,2022-01-26 07:07:48,2022-01-26,True,"Хлопья овсяные «Экстра» № 3, 500 г"
bread,0.83,evroopt,882055,0.83,2022-01-26 07:07:48,2022-01-26,True,"Хлеб «Майский» традиционный, 450 г"
kaubasa,10.025,evroopt,457685,4.01,2022-01-26 07:07:48,2022-01-26,False,Колбаса вареная «Молочная» новая 400 г
chicken,5.71,evroopt,1207465,5.71,2022-01-27 08:47:09,2022-01-27,True,"Тушка цыпленка-бройлера «Петруха» потрошеная, охлажденная 1 кг"
milk_low_fat,1.75,evroopt,911715,1.75,2022-01-27 08:47:09,2022-01-27,True,"«Савушкин» ультрапастеризованное, 1.5%, 1 л"
milk_high_fat,2.055535,evroopt,568002,1.85,2022-01-27 08:47:09,2022-01-27,True,"«Бабушкина крынка» ультрапастеризованное, 3.2%, 900 мл"
cheese,3.53,evroopt,761990,3.53,2022-01-27 08:47:09,2022-01-27,True,"«Брест-Литовск» Классический, 45 %, 200 г"
tvaroh,2.49,evroopt,684114,2.49,2022-01-27 08:47:09,2022-01-27,True,"Творог рассыпчатый «Савушкин», 5%, 350 г"
egg,2.54,evroopt,225378,2.54,2022-01-27 08:47:09,2022-01-27,True,"«Оршанская Птицефабрика» Семейный завтрак, С1, 10 шт"
oatmeal,0.89,evroopt,1192,0.89,2022-01-27 08:47:09,2022-01-27,True,"Хлопья овсяные «Экстра» № 3, 500 г"
bread,0.83,evroopt,882055,0.83,2022-01-27 08:47:09,2022-01-27,True,"Хлеб «Майский» традиционный, 450 г"
kaubasa,10.025,evroopt,457685,4.01,2022-01-27 08:47:09,2022-01-27,False,Колбаса вареная «Молочная» новая 400 г
chicken,5.71,evroopt,1207465,5.71,2022-01-28 09:12:18,2022-01-28,True,"Тушка цыпленка-бройлера «Петруха» потрошеная, охлажденная 1 кг"
milk_low_fat,1.75,evroopt,911715,1.75,2022-01-28 09:12:18,2022-01-28,True,"«Савушкин» ультрапастеризованное, 1.5%, 1 л"
milk_high_fat,2.055535,evroopt,568002,1.85,2022-01-28 09:12:18,2022-01-28,True,"«Бабушкина крынка» ультрапастеризованное, 3.2%, 900 мл"
cheese,3.53,evroopt,761990,3.53,2022-01-28 09:12:18,2022-01-28,True,"«Брест-Литовск» Классический, 45 %, 200 г"
tvaroh,2.49,evroopt,684114,2.49,2022-01-28 09:12:18,2022-01-28,True,"Творог рассыпчатый «Савушкин», 5%, 350 г"
egg,2.54,evroopt,35073,2.54,2022-01-28 09:12:18,2022-01-28,True,"«Оршанская Птицефабрика» Столовые, С1, 10 шт"
oatmeal,0.89,evroopt,1192,0.89,2022-01-28 09:12:18,2022-01-28,True,"Хлопья овсяные «Экстра» № 3, 500 г"
bread,0.83,evroopt,882055,0.83,2022-01-28 09:12:18,2022-01-28,True,"Хлеб «Майский» традиционный, 450 г"
kaubasa,10.025,evroopt,457685,4.01,2022-01-28 09:12:18,2022-01-28,False,Колбаса вареная «Молочная» новая 400 г
chicken,5.71,evroopt,1207465,5.71,2022-01-29 07:40:30,2022-01-29,True,"Тушка цыпленка-бройлера «Петруха» потрошеная, охлажденная 1 кг"
milk_low_fat,1.75,evroopt,911715,1.75,2022-01-29 07:40:30,2022-01-29,True,"«Савушкин» ультрапастеризованное, 1.5%, 1 л"
milk_high_fat,2.055535,evroopt,568002,1.85,2022-01-29 07:40:30,2022-01-29,True,"«Бабушкина крынка» ультрапастеризованное, 3.2%, 900 мл"
cheese,3.53,evroopt,761990,3.53,2022-01-29 07:40:30,2022-01-29,True,"«Брест-Литовск» Классический, 45 %, 200 г"
tvaroh,2.49,evroopt,684114,2.49,2022-01-29 07:40:30,2022-01-29,True,"Творог рассыпчатый «Савушкин», 5%, 350 г"
egg,2.54,evroopt,35073,2.54,2022-01-29 07:40:30,2022-01-29,True,"«Оршанская Птицефабрика» Столовые, С1, 10 шт"
oatmeal,0.89,evroopt,1192,0.89,2022-01-29 07:40:30,2022-01-29,True,"Хлопья овсяные «Экстра» № 3, 500 г"
bread,0.83,evroopt,882055,0.83,2022-01-29 07:40:30,2022-01-29,True,"Хлеб «Майский» традиционный, 450 г"
kaubasa,10.025,evroopt,457685,4.01,2022-01-29 07:40:30,2022-01-29,False,Колбаса вареная «Молочная» новая 400 г
chicken,5.71,evroopt,1207465,5.71,2022-01-31 09:44:15,2022-01-31,True,"Тушка цыпленка-бройлера «Петруха» потрошеная, охлажденная 1 кг"
milk_low_fat,1.75,evroopt,911715,1.75,2022-01-31 09:44:15,2022-01-31,True,"«Савушкин» ультрапастеризованное, 1.5%, 1 л"
milk_high_fat,2.055535,evroopt,568002,1.85,2022-01-31 09:44:15,2022-01-31,True,"«Бабушкина крынка» ультрапастеризованное, 3.2%, 900 мл"
cheese,3.53,evroopt,761990,3.53,2022-01-31 09:44:15,2022-01-31,True,"«Брест-Литовск» Классический, 45 %, 200 г"
tvaroh,2.49,evroopt,684114,2.49,2022-01-31 09:44:15,2022-01-31,True,"Творог рассыпчатый «Савушкин», 5%, 350 г"
egg,2.54,evroopt,35073,2.54,2022-01-31 09:44:15,2022-01-31,True,"«Оршанская Птицефабрика» Столовые, С1, 10 шт"
oatmeal,0.89,evroopt,1192,0.89,2022-01-31 09:44:15,2022-01-31,True,"Хлопья овсяные «Экстра» № 3, 500 г"
bread,0.83,evroopt,882055,0.83,2022-01-31 09:44:15,2022-01-31,True,"Хлеб «Майский» традиционный, 450 г"
kaubasa,10.025,evroopt,457685,4.01,2022-01-31 09:44:15,2022-01-31,False,Колбаса вареная «Молочная» новая 400 г
chicken,5.71,evroopt,1207465,5.71,2022-02-01 08:30:14,2022-02-01,True,"Тушка цыпленка-бройлера «Петруха» потрошеная, охлажденная 1 кг"
milk_low_fat,1.75,evroopt,911715,1.75,2022-02-01 08:30:14,2022-02-01,True,"«Савушкин» ультрапастеризованное, 1.5%, 1 л"
milk_high_fat,2.055535,evroopt,568002,1.85,2022-02-01 08:30:14,2022-02-01,True,"«Бабушкина крынка» ультрапастеризованное, 3.2%, 900 мл"
cheese,3.53,evroopt,761990,3.53,2022-02-01 08:30:14,2022-02-01,True,"«Брест-Литовск» Классический, 45 %, 200 г"
tvaroh,2.49,evroopt,684114,2.49,2022-02-01 08:30:14,2022-02-01,True,"Творог рассыпчатый «Савушкин», 5%, 350 г"
egg,2.61,evroopt,24541,2.61,2022-02-01 08:30:14,2022-02-01,True,"«1-я Минская птицефабрика» С1, 10 шт"
oatmeal,0.89,evroopt,1192,0.89,2022-02-01 08:30:14,2022-02-01,True,"Хлопья овсяные «Экстра» № 3, 500 г"
bread,0.83,evroopt,882055,0.83,2022-02-01 08:30:14,2022-02-01,True,"Хлеб «Майский» традиционный, 450 г"
kaubasa,10.025,evroopt,457685,4.01,2022-02-01 08:30:14,2022-02-01,False,Колбаса вареная «Молочная» новая 400 г
chicken,5.75,evroopt,1207465,5.75,2022-02-02 11:07:08,2022-02-02,True,"Тушка цыпленка-бройлера «Петруха» потрошеная, охлажденная 1 кг"
milk_low_fat,1.75,evroopt,911715,1.75,2022-02-02 11:07:08,2022-02-02,True,"«Савушкин» ультрапастеризованное, 1.5%, 1 л"
milk_high_fat,2.055535,evroopt,568002,1.85,2022-02-02 11:07:08,2022-02-02,True,"«Бабушкина крынка» ультрапастеризованное, 3.2%, 900 мл"
cheese,3.56,evroopt,761990,3.56,2022-02-02 11:07:08,2022-02-02,True,"«Брест-Литовск» Классический, 45 %, 200 г"
tvaroh,2.5,evroopt,684114,2.5,2022-02-02 11:07:08,2022-02-02,True,"Творог рассыпчатый «Савушкин», 5%, 350 г"
egg,2.62,evroopt,24541,2.62,2022-02-02 11:07:08,2022-02-02,True,"«1-я Минская птицефабрика» С1, 10 шт"
oatmeal,0.89,evroopt,1192,0.89,2022-02-02 11:07:08,2022-02-02,True,"Хлопья овсяные «Экстра» № 3, 500 г"
bread,0.84,evroopt,882055,0.84,2022-02-02 11:07:08,2022-02-02,True,"Хлеб «Майский» традиционный, 450 г"
kaubasa,10.025,evroopt,457685,4.01,2022-02-02 11:07:08,2022-02-02,False,Колбаса вареная «Молочная» новая 400 г
chicken,5.75,evroopt,1207465,5.75,2022-02-03 10:01:55,2022-02-03,True,"Тушка цыпленка-бройлера «Петруха» потрошеная, охлажденная 1 кг"
milk_low_fat,1.75,evroopt,911715,1.75,2022-02-03 10:01:55,2022-02-03,True,"«Савушкин» ультрапастеризованное, 1.5%, 1 л"
milk_high_fat,2.055535,evroopt,568002,1.85,2022-02-03 10:01:55,2022-02-03,True,"«Бабушкина крынка» ультрапастеризованное, 3.2%, 900 мл"
cheese,3.56,evroopt,761990,3.56,2022-02-03 10:01:55,2022-02-03,True,"«Брест-Литовск» Классический, 45 %, 200 г"
tvaroh,2.5,evroopt,684114,2.5,2022-02-03 10:01:55,2022-02-03,True,"Творог рассыпчатый «Савушкин», 5%, 350 г"
egg,2.54,evroopt,35073,2.54,2022-02-03 10:01:55,2022-02-03,True,"«Оршанская Птицефабрика» Столовые, С1, 10 шт"
oatmeal,0.89,evroopt,1192,0.89,2022-02-03 10:01:55,2022-02-03,True,"Хлопья овсяные «Экстра» № 3, 500 г"
bread,0.84,evroopt,882055,0.84,2022-02-03 10:01:55,2022-02-03,True,"Хлеб «Майский» традиционный, 450 г"
kaubasa,10.025,evroopt,457685,4.01,2022-02-03 10:01:55,2022-02-03,False,Колбаса вареная «Молочная» новая 400 г
chicken,5.75,evroopt,1207465,5.75,2022-02-04 20:18:10,2022-02-04,True,"Тушка цыпленка-бройлера «Петруха» потрошеная, охлажденная 1 кг"
milk_low_fat,1.75,evroopt,911715,1.75,2022-02-04 20:18:10,2022-02-04,True,"«Савушкин» ультрапастеризованное, 1.5%, 1 л"
milk_high_fat,2.055535,evroopt,568002,1.85,2022-02-04 20:18:10,2022-02-04,True,"«Бабушкина крынка» ультрапастеризованное, 3.2%, 900 мл"
cheese,3.56,evroopt,761990,3.56,2022-02-04 20:18:10,2022-02-04,True,"«Брест-Литовск» Классический, 45 %, 200 г"
tvaroh,2.5,evroopt,684114,2.5,2022-02-04 20:18:10,2022-02-04,True,"Творог рассыпчатый «Савушкин», 5%, 350 г"
egg,2.54,evroopt,35073,2.54,2022-02-04 20:18:10,2022-02-04,True,"«Оршанская Птицефабрика» Столовые, С1, 10 шт"
oatmeal,0.89,evroopt,1192,0.89,2022-02-04 20:18:10,2022-02-04,True,"Хлопья овсяные «Экстра» № 3, 500 г"
bread,0.899990,evroopt,560208,0.86,2022-02-04 20:18:10,2022-02-04,True,"Хлеб «Водар» светлый, нарезанный, 430 г"
kaubasa,10.025,evroopt,457685,4.01,2022-02-04 20:18:10,2022-02-04,False,Колбаса вареная «Молочная» новая 400 г
chicken,5.29,evroopt,1207465,5.29,2022-02-06 21:12:03,2022-02-06,True,"Тушка цыпленка-бройлера «Петруха» потрошеная, охлажденная 1 кг"
milk_low_fat,1.75,evroopt,911715,1.75,2022-02-06 21:12:03,2022-02-06,True,"«Савушкин» ультрапастеризованное, 1.5%, 1 л"
milk_high_fat,2.055535,evroopt,568002,1.85,2022-02-06 21:12:03,2022-02-06,True,"«Бабушкина крынка» ультрапастеризованное, 3.2%, 900 мл"
cheese,3.56,evroopt,761990,3.56,2022-02-06 21:12:03,2022-02-06,True,"«Брест-Литовск» Классический, 45 %, 200 г"
tvaroh,2.5,evroopt,684114,2.5,2022-02-06 21:12:03,2022-02-06,True,"Творог рассыпчатый «Савушкин», 5%, 350 г"
egg,2.62,evroopt,24541,2.62,2022-02-06 21:12:03,2022-02-06,True,"«1-я Минская птицефабрика» С1, 10 шт"
oatmeal,0.89,evroopt,1192,0.89,2022-02-06 21:12:03,2022-02-06,True,"Хлопья овсяные «Экстра» № 3, 500 г"
bread,0.84,evroopt,882055,0.84,2022-02-06 21:12:03,2022-02-06,True,"Хлеб «Майский» традиционный, 450 г"
kaubasa,10.025,evroopt,457685,4.01,2022-02-06 21:12:03,2022-02-06,False,Колбаса вареная «Молочная» новая 400 г
chicken,5.75,evroopt,1207465,5.75,2022-02-07 18:50:38,2022-02-07,True,"Тушка цыпленка-бройлера «Петруха» потрошеная, охлажденная 1 кг"
milk_low_fat,1.75,evroopt,911715,1.75,2022-02-07 18:50:38,2022-02-07,True,"«Савушкин» ультрапастеризованное, 1.5%, 1 л"
milk_high_fat,2.055535,evroopt,568002,1.85,2022-02-07 18:50:38,2022-02-07,True,"«Бабушкина крынка» ультрапастеризованное, 3.2%, 900 мл"
cheese,3.56,evroopt,761990,3.56,2022-02-07 18:50:38,2022-02-07,True,"«Брест-Литовск» Классический, 45 %, 200 г"
tvaroh,2.5,evroopt,684114,2.5,2022-02-07 18:50:38,2022-02-07,True,"Творог рассыпчатый «Савушкин», 5%, 350 г"
egg,2.54,evroopt,35073,2.54,2022-02-07 18:50:38,2022-02-07,True,"«Оршанская Птицефабрика» Столовые, С1, 10 шт"
oatmeal,0.89,evroopt,1192,0.89,2022-02-07 18:50:38,2022-02-07,True,"Хлопья овсяные «Экстра» № 3, 500 г"
bread,0.899990,evroopt,560208,0.86,2022-02-07 18:50:38,2022-02-07,True,"Хлеб «Водар» светлый, нарезанный, 430 г"
kaubasa,10.025,evroopt,457685,4.01,2022-02-07 18:50:38,2022-02-07,False,Колбаса вареная «Молочная» новая 400 г
chicken,5.75,evroopt,1207465,5.75,2022-02-08 11:20:27,2022-02-08,True,"Тушка цыпленка-бройлера «Петруха» потрошеная, охлажденная 1 кг"
milk_low_fat,1.75,evroopt,911715,1.75,2022-02-08 11:20:27,2022-02-08,True,"«Савушкин» ультрапастеризованное, 1.5%, 1 л"
milk_high_fat,2.055535,evroopt,568002,1.85,2022-02-08 11:20:27,2022-02-08,True,"«Бабушкина крынка» ультрапастеризованное, 3.2%, 900 мл"
cheese,3.56,evroopt,761990,3.56,2022-02-08 11:20:27,2022-02-08,True,"«Брест-Литовск» Классический, 45 %, 200 г"
tvaroh,2.5,evroopt,684114,2.5,2022-02-08 11:20:27,2022-02-08,True,"Творог рассыпчатый «Савушкин», 5%, 350 г"
egg,2.54,evroopt,35073,2.54,2022-02-08 11:20:27,2022-02-08,True,"«Оршанская Птицефабрика» Столовые, С1, 10 шт"
oatmeal,0.89,evroopt,1192,0.89,2022-02-08 11:20:27,2022-02-08,True,"Хлопья овсяные «Экстра» № 3, 500 г"
bread,0.84,evroopt,882055,0.84,2022-02-08 11:20:27,2022-02-08,True,"Хлеб «Майский» традиционный, 450 г"
kaubasa,10.025,evroopt,457685,4.01,2022-02-08 11:20:27,2022-02-08,False,Колбаса вареная «Молочная» новая 400 г
chicken,5.75,evroopt,1207465,5.75,2022-02-09 09:22:22,2022-02-09,True,"Тушка цыпленка-бройлера «Петруха» потрошеная, охлажденная 1 кг"
milk_low_fat,1.75,evroopt,911715,1.75,2022-02-09 09:22:22,2022-02-09,True,"«Савушкин» ультрапастеризованное, 1.5%, 1 л"
milk_high_fat,2.055535,evroopt,568002,1.85,2022-02-09 09:22:22,2022-02-09,True,"«Бабушкина крынка» ультрапастеризованное, 3.2%, 900 мл"
cheese,3.56,evroopt,761990,3.56,2022-02-09 09:22:22,2022-02-09,True,"«Брест-Литовск» Классический, 45 %, 200 г"
tvaroh,2.5,evroopt,684114,2.5,2022-02-09 09:22:22,2022-02-09,True,"Творог рассыпчатый «Савушкин», 5%, 350 г"
egg,2.54,evroopt,35073,2.54,2022-02-09 09:22:22,2022-02-09,True,"«Оршанская Птицефабрика» Столовые, С1, 10 шт"
oatmeal,0.89,evroopt,1192,0.89,2022-02-09 09:22:22,2022-02-09,True,"Хлопья овсяные «Экстра» № 3, 500 г"
bread,0.84,evroopt,882055,0.84,2022-02-09 09:22:22,2022-02-09,True,"Хлеб «Майский» традиционный, 450 г"
kaubasa,10.025,evroopt,457685,4.01,2022-02-09 09:22:22,2022-02-09,False,Колбаса вареная «Молочная» новая 400 г
milk_low_fat,1.75,evroopt,911715,1.75,2022-02-10 07:52:14,2022-02-10,True,"«Савушкин» ультрапастеризованное, 1.5%, 1 л"
milk_high_fat,2.055535,evroopt,568002,1.85,2022-02-10 07:52:14,2022-02-10,True,"«Бабушкина крынка» ультрапастеризованное, 3.2%, 900 мл"
cheese,3.56,evroopt,761990,3.56,2022-02-10 07:52:14,2022-02-10,True,"«Брест-Литовск» Классический, 45 %, 200 г"
tvaroh,2.5,evroopt,684114,2.5,2022-02-10 07:52:14,2022-02-10,True,"Творог рассыпчатый «Савушкин», 5%, 350 г"
egg,2.54,evroopt,35073,2.54,2022-02-10 07:52:14,2022-02-10,True,"«Оршанская Птицефабрика» Столовые, С1, 10 шт"
oatmeal,0.89,evroopt,1192,0.89,2022-02-10 07:52:14,2022-02-10,True,"Хлопья овсяные «Экстра» № 3, 500 г"
bread,0.84,evroopt,882055,0.84,2022-02-10 07:52:14,2022-02-10,True,"Хлеб «Майский» традиционный, 450 г"
chicken,5.506008,evroopt,601522,5.99,2022-02-10 07:52:14,2022-02-10,False,"Тушка цыпленка-бройлера «Петруха» 1 кг., фасовка 1.62 - 1.87 кг"
kaubasa,10.025,evroopt,457685,4.01,2022-02-10 07:52:14,2022-02-10,False,Колбаса вареная «Молочная» новая 400 г
milk_low_fat,1.75,evroopt,911715,1.75,2022-02-11 08:23:46,2022-02-11,True,"«Савушкин» ультрапастеризованное, 1.5%, 1 л"
milk_high_fat,2.055535,evroopt,568002,1.85,2022-02-11 08:23:46,2022-02-11,True,"«Бабушкина крынка» ультрапастеризованное, 3.2%, 900 мл"
cheese,3.56,evroopt,761990,3.56,2022-02-11 08:23:46,2022-02-11,True,"«Брест-Литовск» Классический, 45 %, 200 г"
tvaroh,2.5,evroopt,684114,2.5,2022-02-11 08:23:46,2022-02-11,True,"Творог рассыпчатый «Савушкин», 5%, 350 г"
egg,2.54,evroopt,35073,2.54,2022-02-11 08:23:46,2022-02-11,True,"«Оршанская Птицефабрика» Столовые, С1, 10 шт"
oatmeal,0.89,evroopt,1192,0.89,2022-02-11 08:23:46,2022-02-11,True,"Хлопья овсяные «Экстра» № 3, 500 г"
bread,0.84,evroopt,882055,0.84,2022-02-11 08:23:46,2022-02-11,True,"Хлеб «Майский» традиционный, 450 г"
chicken,5.672937,evroopt,440852,5.47,2022-02-11 08:23:46,2022-02-11,False,"Тушка цыплёнка-бройлера охлаждённая, 1 кг., фасовка 1.4 кг"
kaubasa,10.025,evroopt,457685,4.01,2022-02-11 08:23:46,2022-02-11,False,Колбаса вареная «Молочная» новая 400 г
milk_low_fat,1.75,evroopt,911715,1.75,2022-02-12 08:47:32,2022-02-12,True,"«Савушкин» ультрапастеризованное, 1.5%, 1 л"
milk_high_fat,2.055535,evroopt,568002,1.85,2022-02-12 08:47:32,2022-02-12,True,"«Бабушкина крынка» ультрапастеризованное, 3.2%, 900 мл"
cheese,3.56,evroopt,761990,3.56,2022-02-12 08:47:32,2022-02-12,True,"«Брест-Литовск» Классический, 45 %, 200 г"
tvaroh,2.5,evroopt,684114,2.5,2022-02-12 08:47:32,2022-02-12,True,"Творог рассыпчатый «Савушкин», 5%, 350 г"
egg,2.54,evroopt,35073,2.54,2022-02-12 08:47:32,2022-02-12,True,"«Оршанская Птицефабрика» Столовые, С1, 10 шт"
oatmeal,0.89,evroopt,1192,0.89,2022-02-12 08:47:32,2022-02-12,True,"Хлопья овсяные «Экстра» № 3, 500 г"
bread,0.84,evroopt,882055,0.84,2022-02-12 08:47:32,2022-02-12,True,"Хлеб «Майский» традиционный, 450 г"
chicken,5.781768,evroopt,601522,6.29,2022-02-12 08:47:32,2022-02-12,False,"Тушка цыпленка-бройлера «Петруха» 1 кг., фасовка 1.62 - 1.87 кг"
kaubasa,10.025,evroopt,457685,4.01,2022-02-12 08:47:32,2022-02-12,False,Колбаса вареная «Молочная» новая 400 г
milk_low_fat,1.75,evroopt,911715,1.75,2022-02-14 09:32:21,2022-02-14,True,"«Савушкин» ультрапастеризованное, 1.5%, 1 л"
milk_high_fat,2.055535,evroopt,568002,1.85,2022-02-14 09:32:21,2022-02-14,True,"«Бабушкина крынка» ультрапастеризованное, 3.2%, 900 мл"
cheese,3.56,evroopt,761990,3.56,2022-02-14 09:32:21,2022-02-14,True,"«Брест-Литовск» Классический, 45 %, 200 г"
tvaroh,2.5,evroopt,684114,2.5,2022-02-14 09:32:21,2022-02-14,True,"Творог рассыпчатый «Савушкин», 5%, 350 г"
egg,2.62,evroopt,24541,2.62,2022-02-14 09:32:21,2022-02-14,True,"«1-я Минская птицефабрика» С1, 10 шт"
oatmeal,0.89,evroopt,1192,0.89,2022-02-14 09:32:21,2022-02-14,True,"Хлопья овсяные «Экстра» № 3, 500 г"
bread,0.84,evroopt,882055,0.84,2022-02-14 09:32:21,2022-02-14,True,"Хлеб «Майский» традиционный, 450 г"
chicken,5.672937,evroopt,440852,5.47,2022-02-14 09:32:21,2022-02-14,False,"Тушка цыплёнка-бройлера охлаждённая, 1 кг., фасовка 1.4 кг"
kaubasa,10.025,evroopt,457685,4.01,2022-02-14 09:32:21,2022-02-14,False,Колбаса вареная «Молочная» новая 400 г
milk_low_fat,1.75,evroopt,911715,1.75,2022-02-15 07:58:27,2022-02-15,True,"«Савушкин» ультрапастеризованное, 1.5%, 1 л"
milk_high_fat,2.055535,evroopt,568002,1.85,2022-02-15 07:58:27,2022-02-15,True,"«Бабушкина крынка» ультрапастеризованное, 3.2%, 900 мл"
cheese,3.56,evroopt,761990,3.56,2022-02-15 07:58:27,2022-02-15,True,"«Брест-Литовск» Классический, 45 %, 200 г"
tvaroh,2.5,evroopt,684114,2.5,2022-02-15 07:58:27,2022-02-15,True,"Творог рассыпчатый «Савушкин», 5%, 350 г"
egg,2.62,evroopt,24541,2.62,2022-02-15 07:58:27,2022-02-15,True,"«1-я Минская птицефабрика» С1, 10 шт"
oatmeal,0.89,evroopt,1192,0.89,2022-02-15 07:58:27,2022-02-15,True,"Хлопья овсяные «Экстра» № 3, 500 г"
bread,0.84,evroopt,882055,0.84,2022-02-15 07:58:27,2022-02-15,True,"Хлеб «Майский» традиционный, 450 г"
chicken,5.672937,evroopt,440852,5.47,2022-02-15 07:58:27,2022-02-15,False,"Тушка цыплёнка-бройлера охлаждённая, 1 кг., фасовка 1.4 кг"
kaubasa,10.025,evroopt,457685,4.01,2022-02-15 07:58:27,2022-02-15,False,Колбаса вареная «Молочная» новая 400 г
milk_low_fat,1.75,evroopt,911715,1.75,2022-02-16 08:37:51,2022-02-16,True,"«Савушкин» ультрапастеризованное, 1.5%, 1 л"
milk_high_fat,2.055535,evroopt,568002,1.85,2022-02-16 08:37:51,2022-02-16,True,"«Бабушкина крынка» ультрапастеризованное, 3.2%, 900 мл"
cheese,3.56,evroopt,761990,3.56,2022-02-16 08:37:51,2022-02-16,True,"«Брест-Литовск» Классический, 45 %, 200 г"
tvaroh,2.5,evroopt,684114,2.5,2022-02-16 08:37:51,2022-02-16,True,"Творог рассыпчатый «Савушкин», 5%, 350 г"
egg,2.62,evroopt,24541,2.62,2022-02-16 08:37:51,2022-02-16,True,"«1-я Минская птицефабрика» С1, 10 шт"
oatmeal,0.89,evroopt,1192,0.89,2022-02-16 08:37:51,2022-02-16,True,"Хлопья овсяные «Экстра» № 3, 500 г"
bread,0.84,evroopt,882055,0.84,2022-02-16 08:37:51,2022-02-16,True,"Хлеб «Майский» традиционный, 450 г"
chicken,5.672937,evroopt,440852,5.47,2022-02-16 08:37:51,2022-02-16,False,"Тушка цыплёнка-бройлера охлаждённая, 1 кг., фасовка 1.4 кг"
kaubasa,10.025,evroopt,457685,4.01,2022-02-16 08:37:51,2022-02-16,False,Колбаса вареная «Молочная» новая 400 г
milk_low_fat,1.75,evroopt,911715,1.75,2022-02-20 19:23:28,2022-02-20,True,"«Савушкин» ультрапастеризованное, 1.5%, 1 л"
milk_high_fat,2.099979,evroopt,568002,1.89,2022-02-20 19:23:28,2022-02-20,True,"«Бабушкина крынка» ультрапастеризованное, 3.2%, 900 мл"
cheese,3.56,evroopt,761990,3.56,2022-02-20 19:23:28,2022-02-20,True,"«Брест-Литовск» Классический, 45 %, 200 г"
tvaroh,2.5,evroopt,684114,2.5,2022-02-20 19:23:28,2022-02-20,True,"Творог рассыпчатый «Савушкин», 5%, 350 г"
egg,2.54,evroopt,35073,2.54,2022-02-20 19:23:28,2022-02-20,True,"«Оршанская Птицефабрика» Столовые, С1, 10 шт"
oatmeal,0.89,evroopt,1192,0.89,2022-02-20 19:23:28,2022-02-20,True,"Хлопья овсяные «Экстра» № 3, 500 г"
bread,0.8999992,evroopt,533163,0.82,2022-02-20 19:23:28,2022-02-20,True,"Хлеб «Водар Темный» нарезанный, 410 г"
kaubasa,10.025,evroopt,457685,4.01,2022-02-20 19:23:28,2022-02-20,False,Колбаса вареная «Молочная» новая 400 г
milk_low_fat,1.833315,evroopt,567997,1.65,2022-02-21 10:10:55,2022-02-21,True,"«Бабушкина крынка» ультрапастеризованное, 1.5%, 900 мл"
milk_high_fat,2.099979,evroopt,568002,1.89,2022-02-21 10:10:55,2022-02-21,True,"«Бабушкина крынка» ультрапастеризованное, 3.2%, 900 мл"
cheese,3.56,evroopt,761990,3.56,2022-02-21 10:10:55,2022-02-21,True,"«Брест-Литовск» Классический, 45 %, 200 г"
tvaroh,2.5,evroopt,684114,2.5,2022-02-21 10:10:55,2022-02-21,True,"Творог рассыпчатый «Савушкин», 5%, 350 г"
egg,2.54,evroopt,35073,2.54,2022-02-21 10:10:55,2022-02-21,True,"«Оршанская Птицефабрика» Столовые, С1, 10 шт"
oatmeal,0.89,evroopt,1192,0.89,2022-02-21 10:10:55,2022-02-21,True,"Хлопья овсяные «Экстра» № 3, 500 г"
bread,0.84,evroopt,882055,0.84,2022-02-21 10:10:55,2022-02-21,True,"Хлеб «Майский» традиционный, 450 г"
chicken,5.672937,evroopt,440852,5.47,2022-02-21 10:10:55,2022-02-21,False,"Тушка цыплёнка-бройлера охлаждённая, 1 кг., фасовка 1.4 кг"
kaubasa,10.025,evroopt,457685,4.01,2022-02-21 10:10:55,2022-02-21,False,Колбаса вареная «Молочная» новая 400 г
milk_low_fat,1.833315,evroopt,567997,1.65,2022-02-22 08:54:55,2022-02-22,True,"«Бабушкина крынка» ультрапастеризованное, 1.5%, 900 мл"
milk_high_fat,2.099979,evroopt,568002,1.89,2022-02-22 08:54:55,2022-02-22,True,"«Бабушкина крынка» ультрапастеризованное, 3.2%, 900 мл"
cheese,3.56,evroopt,761990,3.56,2022-02-22 08:54:55,2022-02-22,True,"«Брест-Литовск» Классический, 45 %, 200 г"
tvaroh,2.5,evroopt,684114,2.5,2022-02-22 08:54:55,2022-02-22,True,"Творог рассыпчатый «Савушкин», 5%, 350 г"
egg,2.54,evroopt,35073,2.54,2022-02-22 08:54:55,2022-02-22,True,"«Оршанская Птицефабрика» Столовые, С1, 10 шт"
oatmeal,0.89,evroopt,1192,0.89,2022-02-22 08:54:55,2022-02-22,True,"Хлопья овсяные «Экстра» № 3, 500 г"
bread,0.84,evroopt,882055,0.84,2022-02-22 08:54:55,2022-02-22,True,"Хлеб «Майский» традиционный, 450 г"
chicken,5.672937,evroopt,440852,5.47,2022-02-22 08:54:55,2022-02-22,False,"Тушка цыплёнка-бройлера охлаждённая, 1 кг., фасовка 1.4 кг"
kaubasa,10.025,evroopt,457685,4.01,2022-02-22 08:54:55,2022-02-22,False,Колбаса вареная «Молочная» новая 400 г
milk_low_fat,1.75,evroopt,911715,1.75,2022-02-23 07:17:12,2022-02-23,True,"«Савушкин» ультрапастеризованное, 1.5%, 1 л"
milk_high_fat,2.099979,evroopt,568002,1.89,2022-02-23 07:17:12,2022-02-23,True,"«Бабушкина крынка» ультрапастеризованное, 3.2%, 900 мл"
cheese,3.56,evroopt,761990,3.56,2022-02-23 07:17:12,2022-02-23,True,"«Брест-Литовск» Классический, 45 %, 200 г"
tvaroh,2.5,evroopt,684114,2.5,2022-02-23 07:17:12,2022-02-23,True,"Творог рассыпчатый «Савушкин», 5%, 350 г"
egg,2.54,evroopt,35073,2.54,2022-02-23 07:17:12,2022-02-23,True,"«Оршанская Птицефабрика» Столовые, С1, 10 шт"
oatmeal,0.89,evroopt,1192,0.89,2022-02-23 07:17:12,2022-02-23,True,"Хлопья овсяные «Экстра» № 3, 500 г"
bread,0.84,evroopt,882055,0.84,2022-02-23 07:17:12,2022-02-23,True,"Хлеб «Майский» традиционный, 450 г"
chicken,5.672937,evroopt,440852,5.47,2022-02-23 07:17:12,2022-02-23,False,"Тушка цыплёнка-бройлера охлаждённая, 1 кг., фасовка 1.4 кг"
kaubasa,10.025,evroopt,457685,4.01,2022-02-23 07:17:12,2022-02-23,False,Колбаса вареная «Молочная» новая 400 г
milk_low_fat,1.75,evroopt,911715,1.75,2022-02-24 12:05:42,2022-02-24,True,"«Савушкин» ультрапастеризованное, 1.5%, 1 л"
milk_high_fat,2.099979,evroopt,568002,1.89,2022-02-24 12:05:42,2022-02-24,True,"«Бабушкина крынка» ультрапастеризованное, 3.2%, 900 мл"
cheese,3.56,evroopt,761990,3.56,2022-02-24 12:05:42,2022-02-24,True,"«Брест-Литовск» Классический, 45 %, 200 г"
tvaroh,2.5,evroopt,684114,2.5,2022-02-24 12:05:42,2022-02-24,True,"Творог рассыпчатый «Савушкин», 5%, 350 г"
egg,2.54,evroopt,35073,2.54,2022-02-24 12:05:42,2022-02-24,True,"«Оршанская Птицефабрика» Столовые, С1, 10 шт"
oatmeal,0.89,evroopt,1192,0.89,2022-02-24 12:05:42,2022-02-24,True,"Хлопья овсяные «Экстра» № 3, 500 г"
bread,0.84,evroopt,882055,0.84,2022-02-24 12:05:42,2022-02-24,True,"Хлеб «Майский» традиционный, 450 г"
chicken,5.672937,evroopt,440852,5.47,2022-02-24 12:05:42,2022-02-24,False,"Тушка цыплёнка-бройлера охлаждённая, 1 кг., фасовка 1.4 кг"
kaubasa,10.025,evroopt,457685,4.01,2022-02-24 12:05:42,2022-02-24,False,Колбаса вареная «Молочная» новая 400 г
milk_low_fat,1.75,evroopt,911715,1.75,2022-02-25 14:14:25,2022-02-25,True,"«Савушкин» ультрапастеризованное, 1.5%, 1 л"
milk_high_fat,2.099979,evroopt,568002,1.89,2022-02-25 14:14:25,2022-02-25,True,"«Бабушкина крынка» ультрапастеризованное, 3.2%, 900 мл"
tvaroh,2.5,evroopt,684114,2.5,2022-02-25 14:14:25,2022-02-25,True,"Творог рассыпчатый «Савушкин», 5%, 350 г"
egg,2.54,evroopt,35073,2.54,2022-02-25 14:14:25,2022-02-25,True,"«Оршанская Птицефабрика» Столовые, С1, 10 шт"
oatmeal,0.89,evroopt,1192,0.89,2022-02-25 14:14:25,2022-02-25,True,"Хлопья овсяные «Экстра» № 3, 500 г"
bread,0.84,evroopt,882055,0.84,2022-02-25 14:14:25,2022-02-25,True,"Хлеб «Майский» традиционный, 450 г"
chicken,5.672937,evroopt,440852,5.47,2022-02-25 14:14:25,2022-02-25,False,"Тушка цыплёнка-бройлера охлаждённая, 1 кг., фасовка 1.4 кг"
kaubasa,10.025,evroopt,457685,4.01,2022-02-25 14:14:25,2022-02-25,False,Колбаса вареная «Молочная» новая 400 г
milk_low_fat,1.75,evroopt,911715,1.75,2022-02-27 17:13:20,2022-02-27,True,"«Савушкин» ультрапастеризованное, 1.5%, 1 л"
milk_high_fat,2.099979,evroopt,568002,1.89,2022-02-27 17:13:20,2022-02-27,True,"«Бабушкина крынка» ультрапастеризованное, 3.2%, 900 мл"
tvaroh,2.5,evroopt,684114,2.5,2022-02-27 17:13:20,2022-02-27,True,"Творог рассыпчатый «Савушкин», 5%, 350 г"
egg,2.54,evroopt,35073,2.54,2022-02-27 17:13:20,2022-02-27,True,"«Оршанская Птицефабрика» Столовые, С1, 10 шт"
bread,0.84,evroopt,882055,0.84,2022-02-27 17:13:20,2022-02-27,True,"Хлеб «Майский» традиционный, 450 г"
chicken,5.672937,evroopt,440852,5.47,2022-02-27 17:13:20,2022-02-27,False,"Тушка цыплёнка-бройлера охлаждённая, 1 кг., фасовка 1.4 кг"
kaubasa,10.025,evroopt,457685,4.01,2022-02-27 17:13:20,2022-02-27,False,Колбаса вареная «Молочная» новая 400 г
milk_low_fat,1.75,evroopt,911715,1.75,2022-02-28 07:07:51,2022-02-28,True,"«Савушкин» ультрапастеризованное, 1.5%, 1 л"
milk_high_fat,2.099979,evroopt,568002,1.89,2022-02-28 07:07:51,2022-02-28,True,"«Бабушкина крынка» ультрапастеризованное, 3.2%, 900 мл"
tvaroh,2.5,evroopt,684114,2.5,2022-02-28 07:07:51,2022-02-28,True,"Творог рассыпчатый «Савушкин», 5%, 350 г"
egg,2.54,evroopt,35073,2.54,2022-02-28 07:07:51,2022-02-28,True,"«Оршанская Птицефабрика» Столовые, С1, 10 шт"
bread,0.84,evroopt,882055,0.84,2022-02-28 07:07:51,2022-02-28,True,"Хлеб «Майский» традиционный, 450 г"
chicken,5.672937,evroopt,440852,5.47,2022-02-28 07:07:51,2022-02-28,False,"Тушка цыплёнка-бройлера охлаждённая, 1 кг., фасовка 1.4 кг"
kaubasa,10.025,evroopt,457685,4.01,2022-02-28 07:07:51,2022-02-28,False,Колбаса вареная «Молочная» новая 400 г
milk_low_fat,1.75,evroopt,911715,1.75,2022-03-01 12:11:37,2022-03-01,True,"«Савушкин» ультрапастеризованное, 1.5%, 1 л"
milk_high_fat,2.099979,evroopt,568002,1.89,2022-03-01 12:11:37,2022-03-01,True,"«Бабушкина крынка» ультрапастеризованное, 3.2%, 900 мл"
cheese,3.56,evroopt,761990,3.56,2022-03-01 12:11:37,2022-03-01,True,"«Брест-Литовск» Классический, 45 %, 200 г"
tvaroh,2.5,evroopt,684114,2.5,2022-03-01 12:11:37,2022-03-01,True,"Творог рассыпчатый «Савушкин», 5%, 350 г"
egg,2.54,evroopt,35073,2.54,2022-03-01 12:11:37,2022-03-01,True,"«Оршанская Птицефабрика» Столовые, С1, 10 шт"
bread,0.84,evroopt,882055,0.84,2022-03-01 12:11:37,2022-03-01,True,"Хлеб «Майский» традиционный, 450 г"
chicken,5.672937,evroopt,440852,5.47,2022-03-01 12:11:37,2022-03-01,False,"Тушка цыплёнка-бройлера охлаждённая, 1 кг., фасовка 1.4 кг"
kaubasa,10.025,evroopt,457685,4.01,2022-03-01 12:11:37,2022-03-01,False,Колбаса вареная «Молочная» новая 400 г
milk_low_fat,1.699983,evroopt,567997,1.53,2022-03-02 07:41:29,2022-03-02,True,"«Бабушкина крынка» ультрапастеризованное, 1.5%, 900 мл"
milk_high_fat,1.977758,evroopt,568002,1.78,2022-03-02 07:41:29,2022-03-02,True,"«Бабушкина крынка» ультрапастеризованное, 3.2%, 900 мл"
tvaroh,2.5,evroopt,684114,2.5,2022-03-02 07:41:29,2022-03-02,True,"Творог рассыпчатый «Савушкин», 5%, 350 г"
egg,2.54,evroopt,35073,2.54,2022-03-02 07:41:29,2022-03-02,True,"«Оршанская Птицефабрика» Столовые, С1, 10 шт"
oatmeal,0.89,evroopt,1192,0.89,2022-03-02 07:41:29,2022-03-02,True,"Хлопья овсяные «Экстра» № 3, 500 г"
bread,0.84,evroopt,882055,0.84,2022-03-02 07:41:29,2022-03-02,True,"Хлеб «Майский» традиционный, 450 г"
chicken,5.683308,evroopt,440852,5.48,2022-03-02 07:41:29,2022-03-02,False,"Тушка цыплёнка-бройлера охлаждённая, 1 кг., фасовка 1.4 кг"
kaubasa,10.150,evroopt,537240,4.06,2022-03-02 07:41:29,2022-03-02,False,Колбаса вареная «Докторская» 400 г
milk_low_fat,1.722205,evroopt,567997,1.55,2022-03-03 07:57:52,2022-03-03,True,"«Бабушкина крынка» ультрапастеризованное, 1.5%, 900 мл"
milk_high_fat,1.988869,evroopt,568002,1.79,2022-03-03 07:57:52,2022-03-03,True,"«Бабушкина крынка» ультрапастеризованное, 3.2%, 900 мл"
tvaroh,2.5,evroopt,684114,2.5,2022-03-03 07:57:52,2022-03-03,True,"Творог рассыпчатый «Савушкин», 5%, 350 г"
egg,2.62,evroopt,24541,2.62,2022-03-03 07:57:52,2022-03-03,True,"«1-я Минская птицефабрика» С1, 10 шт"
oatmeal,0.89,evroopt,1192,0.89,2022-03-03 07:57:52,2022-03-03,True,"Хлопья овсяные «Экстра» № 3, 500 г"
bread,0.84,evroopt,882055,0.84,2022-03-03 07:57:52,2022-03-03,True,"Хлеб «Майский» традиционный, 450 г"
chicken,5.683308,evroopt,440852,5.48,2022-03-03 07:57:52,2022-03-03,False,"Тушка цыплёнка-бройлера охлаждённая, 1 кг., фасовка 1.4 кг"
kaubasa,10.025,evroopt,457685,4.01,2022-03-03 07:57:52,2022-03-03,False,Колбаса вареная «Молочная» новая 400 г
milk_low_fat,1.722205,evroopt,567997,1.55,2022-03-04 08:06:24,2022-03-04,True,"«Бабушкина крынка» ультрапастеризованное, 1.5%, 900 мл"
milk_high_fat,1.988869,evroopt,568002,1.79,2022-03-04 08:06:24,2022-03-04,True,"«Бабушкина крынка» ультрапастеризованное, 3.2%, 900 мл"
cheese,3.56,evroopt,761990,3.56,2022-03-04 08:06:24,2022-03-04,True,"«Брест-Литовск» Классический, 45 %, 200 г"
tvaroh,2.5,evroopt,684114,2.5,2022-03-04 08:06:24,2022-03-04,True,"Творог рассыпчатый «Савушкин», 5%, 350 г"
egg,2.62,evroopt,24541,2.62,2022-03-04 08:06:24,2022-03-04,True,"«1-я Минская птицефабрика» С1, 10 шт"
oatmeal,0.89,evroopt,1192,0.89,2022-03-04 08:06:24,2022-03-04,True,"Хлопья овсяные «Экстра» № 3, 500 г"
bread,0.84,evroopt,882055,0.84,2022-03-04 08:06:24,2022-03-04,True,"Хлеб «Майский» традиционный, 450 г"
chicken,5.683308,evroopt,440852,5.48,2022-03-04 08:06:24,2022-03-04,False,"Тушка цыплёнка-бройлера охлаждённая, 1 кг., фасовка 1.4 кг"
kaubasa,10.025,evroopt,457685,4.01,2022-03-04 08:06:24,2022-03-04,False,Колбаса вареная «Молочная» новая 400 г
milk_low_fat,1.722205,evroopt,567997,1.55,2022-03-07 09:07:29,2022-03-07,True,"«Бабушкина крынка» ультрапастеризованное, 1.5%, 900 мл"
milk_high_fat,1.988869,evroopt,568002,1.79,2022-03-07 09:07:29,2022-03-07,True,"«Бабушкина крынка» ультрапастеризованное, 3.2%, 900 мл"
tvaroh,2.5,evroopt,684114,2.5,2022-03-07 09:07:29,2022-03-07,True,"Творог рассыпчатый «Савушкин», 5%, 350 г"
egg,2.54,evroopt,35073,2.54,2022-03-07 09:07:29,2022-03-07,True,"«Оршанская Птицефабрика» Столовые, С1, 10 шт"
oatmeal,0.89,evroopt,1192,0.89,2022-03-07 09:07:29,2022-03-07,True,"Хлопья овсяные «Экстра» № 3, 500 г"
bread,0.84,evroopt,882055,0.84,2022-03-07 09:07:29,2022-03-07,True,"Хлеб «Майский» традиционный, 450 г"
chicken,5.683308,evroopt,440852,5.48,2022-03-07 09:07:29,2022-03-07,False,"Тушка цыплёнка-бройлера охлаждённая, 1 кг., фасовка 1.4 кг"
kaubasa,10.025,evroopt,457685,4.01,2022-03-07 09:07:29,2022-03-07,False,Колбаса вареная «Молочная» новая 400 г
milk_low_fat,1.722205,evroopt,567997,1.55,2022-03-08 09:24:57,2022-03-08,True,"«Бабушкина крынка» ультрапастеризованное, 1.5%, 900 мл"
milk_high_fat,1.988869,evroopt,568002,1.79,2022-03-08 09:24:57,2022-03-08,True,"«Бабушкина крынка» ультрапастеризованное, 3.2%, 900 мл"
cheese,3.56,evroopt,761990,3.56,2022-03-08 09:24:57,2022-03-08,True,"«Брест-Литовск» Классический, 45 %, 200 г"
tvaroh,2.5,evroopt,684114,2.5,2022-03-08 09:24:57,2022-03-08,True,"Творог рассыпчатый «Савушкин», 5%, 350 г"
egg,2.54,evroopt,35073,2.54,2022-03-08 09:24:57,2022-03-08,True,"«Оршанская Птицефабрика» Столовые, С1, 10 шт"
oatmeal,0.89,evroopt,1192,0.89,2022-03-08 09:24:57,2022-03-08,True,"Хлопья овсяные «Экстра» № 3, 500 г"
bread,0.84,evroopt,882055,0.84,2022-03-08 09:24:57,2022-03-08,True,"Хлеб «Майский» традиционный, 450 г"
chicken,5.683308,evroopt,440852,5.48,2022-03-08 09:24:57,2022-03-08,False,"Тушка цыплёнка-бройлера охлаждённая, 1 кг., фасовка 1.4 кг"
kaubasa,9.875,evroopt,457685,3.95,2022-03-08 09:24:57,2022-03-08,False,Колбаса вареная «Молочная» новая 400 г
milk_low_fat,1.722205,evroopt,567997,1.55,2022-03-10 15:47:49,2022-03-10,True,"«Бабушкина крынка» ультрапастеризованное, 1.5%, 900 мл"
milk_high_fat,1.988869,evroopt,568002,1.79,2022-03-10 15:47:49,2022-03-10,True,"«Бабушкина крынка» ультрапастеризованное, 3.2%, 900 мл"
tvaroh,2.5,evroopt,684114,2.5,2022-03-10 15:47:49,2022-03-10,True,"Творог рассыпчатый «Савушкин», 5%, 350 г"
egg,2.62,evroopt,24541,2.62,2022-03-10 15:47:49,2022-03-10,True,"«1-я Минская птицефабрика» С1, 10 шт"
oatmeal,0.89,evroopt,1192,0.89,2022-03-10 15:47:49,2022-03-10,True,"Хлопья овсяные «Экстра» № 3, 500 г"
bread,0.899990,evroopt,560208,0.86,2022-03-10 15:47:49,2022-03-10,True,"Хлеб «Водар» светлый, нарезанный, 430 г"
chicken,5.683308,evroopt,440852,5.48,2022-03-10 15:47:49,2022-03-10,False,"Тушка цыплёнка-бройлера охлаждённая, 1 кг., фасовка 1.4 кг"
kaubasa,10.025,evroopt,457685,4.01,2022-03-10 15:47:49,2022-03-10,False,Колбаса вареная «Молочная» новая 400 г
milk_low_fat,1.722205,evroopt,567997,1.55,2022-03-11 09:57:26,2022-03-11,True,"«Бабушкина крынка» ультрапастеризованное, 1.5%, 900 мл"
milk_high_fat,1.988869,evroopt,568002,1.79,2022-03-11 09:57:26,2022-03-11,True,"«Бабушкина крынка» ультрапастеризованное, 3.2%, 900 мл"
cheese,3.56,evroopt,761990,3.56,2022-03-11 09:57:26,2022-03-11,True,"«Брест-Литовск» Классический, 45 %, 200 г"
tvaroh,2.5,evroopt,684114,2.5,2022-03-11 09:57:26,2022-03-11,True,"Творог рассыпчатый «Савушкин», 5%, 350 г"
egg,2.54,evroopt,35073,2.54,2022-03-11 09:57:26,2022-03-11,True,"«Оршанская Птицефабрика» Столовые, С1, 10 шт"
oatmeal,0.89,evroopt,1192,0.89,2022-03-11 09:57:26,2022-03-11,True,"Хлопья овсяные «Экстра» № 3, 500 г"
bread,0.84,evroopt,882055,0.84,2022-03-11 09:57:26,2022-03-11,True,"Хлеб «Майский» традиционный, 450 г"
chicken,5.683308,evroopt,440852,5.48,2022-03-11 09:57:26,2022-03-11,False,"Тушка цыплёнка-бройлера охлаждённая, 1 кг., фасовка 1.4 кг"
kaubasa,10.025,evroopt,457685,4.01,2022-03-11 09:57:26,2022-03-11,False,Колбаса вареная «Молочная» новая 400 г
milk_low_fat,1.722205,evroopt,567997,1.55,2022-03-12 06:30:02,2022-03-12,True,"«Бабушкина крынка» ультрапастеризованное, 1.5%, 900 мл"
milk_high_fat,1.988869,evroopt,568002,1.79,2022-03-12 06:30:02,2022-03-12,True,"«Бабушкина крынка» ультрапастеризованное, 3.2%, 900 мл"
tvaroh,2.5,evroopt,684114,2.5,2022-03-12 06:30:02,2022-03-12,True,"Творог рассыпчатый «Савушкин», 5%, 350 г"
egg,2.62,evroopt,24541,2.62,2022-03-12 06:30:02,2022-03-12,True,"«1-я Минская птицефабрика» С1, 10 шт"
oatmeal,0.89,evroopt,1192,0.89,2022-03-12 06:30:02,2022-03-12,True,"Хлопья овсяные «Экстра» № 3, 500 г"
bread,0.84,evroopt,882055,0.84,2022-03-12 06:30:02,2022-03-12,True,"Хлеб «Майский» традиционный, 450 г"
chicken,5.683308,evroopt,440852,5.48,2022-03-12 06:30:02,2022-03-12,False,"Тушка цыплёнка-бройлера охлаждённая, 1 кг., фасовка 1.4 кг"
kaubasa,10.025,evroopt,457685,4.01,2022-03-12 06:30:02,2022-03-12,False,Колбаса вареная «Молочная» новая 400 г
milk_low_fat,1.722205,evroopt,567997,1.55,2022-03-13 06:30:01,2022-03-13,True,"«Бабушкина крынка» ультрапастеризованное, 1.5%, 900 мл"
milk_high_fat,1.988869,evroopt,568002,1.79,2022-03-13 06:30:01,2022-03-13,True,"«Бабушкина крынка» ультрапастеризованное, 3.2%, 900 мл"
tvaroh,2.5,evroopt,684114,2.5,2022-03-13 06:30:01,2022-03-13,True,"Творог рассыпчатый «Савушкин», 5%, 350 г"
egg,2.66,evroopt,379379,2.66,2022-03-13 06:30:01,2022-03-13,True,"«1-я Минская птицефабрика» С1, 10 шт"
oatmeal,0.89,evroopt,1192,0.89,2022-03-13 06:30:01,2022-03-13,True,"Хлопья овсяные «Экстра» № 3, 500 г"
bread,0.84,evroopt,882055,0.84,2022-03-13 06:30:01,2022-03-13,True,"Хлеб «Майский» традиционный, 450 г"
chicken,5.683308,evroopt,440852,5.48,2022-03-13 06:30:01,2022-03-13,False,"Тушка цыплёнка-бройлера охлаждённая, 1 кг., фасовка 1.4 кг"
kaubasa,10.025,evroopt,457685,4.01,2022-03-13 06:30:01,2022-03-13,False,Колбаса вареная «Молочная» новая 400 г
milk_low_fat,1.722205,evroopt,567997,1.55,2022-03-13 06:30:01,2022-03-13,True,"«Бабушкина крынка» ультрапастеризованное, 1.5%, 900 мл"
milk_high_fat,1.988869,evroopt,568002,1.79,2022-03-13 06:30:01,2022-03-13,True,"«Бабушкина крынка» ультрапастеризованное, 3.2%, 900 мл"
tvaroh,2.5,evroopt,684114,2.5,2022-03-13 06:30:01,2022-03-13,True,"Творог рассыпчатый «Савушкин», 5%, 350 г"
egg,2.66,evroopt,379379,2.66,2022-03-13 06:30:01,2022-03-13,True,"«1-я Минская птицефабрика» С1, 10 шт"
oatmeal,0.89,evroopt,1192,0.89,2022-03-13 06:30:01,2022-03-13,True,"Хлопья овсяные «Экстра» № 3, 500 г"
bread,0.84,evroopt,882055,0.84,2022-03-13 06:30:01,2022-03-13,True,"Хлеб «Майский» традиционный, 450 г"
chicken,5.683308,evroopt,440852,5.48,2022-03-13 06:30:01,2022-03-13,False,"Тушка цыплёнка-бройлера охлаждённая, 1 кг., фасовка 1.4 кг"
kaubasa,10.025,evroopt,457685,4.01,2022-03-13 06:30:01,2022-03-13,False,Колбаса вареная «Молочная» новая 400 г
milk_low_fat,1.722205,evroopt,567997,1.55,2022-03-14 06:30:02,2022-03-14,True,"«Бабушкина крынка» ультрапастеризованное, 1.5%, 900 мл"
milk_high_fat,1.988869,evroopt,568002,1.79,2022-03-14 06:30:02,2022-03-14,True,"«Бабушкина крынка» ультрапастеризованное, 3.2%, 900 мл"
cheese,3.56,evroopt,761990,3.56,2022-03-14 06:30:02,2022-03-14,True,"«Брест-Литовск» Классический, 45 %, 200 г"
tvaroh,2.5,evroopt,684114,2.5,2022-03-14 06:30:02,2022-03-14,True,"Творог рассыпчатый «Савушкин», 5%, 350 г"
egg,2.66,evroopt,379379,2.66,2022-03-14 06:30:02,2022-03-14,True,"«1-я Минская птицефабрика» С1, 10 шт"
oatmeal,0.89,evroopt,1192,0.89,2022-03-14 06:30:02,2022-03-14,True,"Хлопья овсяные «Экстра» № 3, 500 г"
bread,0.84,evroopt,882055,0.84,2022-03-14 06:30:02,2022-03-14,True,"Хлеб «Майский» традиционный, 450 г"
chicken,5.683308,evroopt,440852,5.48,2022-03-14 06:30:02,2022-03-14,False,"Тушка цыплёнка-бройлера охлаждённая, 1 кг., фасовка 1.4 кг"
kaubasa,10.025,evroopt,457685,4.01,2022-03-14 06:30:02,2022-03-14,False,Колбаса вареная «Молочная» новая 400 г
milk_low_fat,1.722205,evroopt,567997,1.55,2022-03-15 06:30:02,2022-03-15,True,"«Бабушкина крынка» ультрапастеризованное, 1.5%, 900 мл"
milk_high_fat,1.988869,evroopt,568002,1.79,2022-03-15 06:30:02,2022-03-15,True,"«Бабушкина крынка» ультрапастеризованное, 3.2%, 900 мл"
tvaroh,2.5,evroopt,684114,2.5,2022-03-15 06:30:02,2022-03-15,True,"Творог рассыпчатый «Савушкин», 5%, 350 г"
egg,2.62,evroopt,24541,2.62,2022-03-15 06:30:02,2022-03-15,True,"«1-я Минская птицефабрика» С1, 10 шт"
oatmeal,0.89,evroopt,1192,0.89,2022-03-15 06:30:02,2022-03-15,True,"Хлопья овсяные «Экстра» № 3, 500 г"
bread,0.84,evroopt,882055,0.84,2022-03-15 06:30:02,2022-03-15,True,"Хлеб «Майский» традиционный, 450 г"
chicken,5.683308,evroopt,440852,5.48,2022-03-15 06:30:02,2022-03-15,False,"Тушка цыплёнка-бройлера охлаждённая, 1 кг., фасовка 1.4 кг"
kaubasa,10.025,evroopt,457685,4.01,2022-03-15 06:30:02,2022-03-15,False,Колбаса вареная «Молочная» новая 400 г
milk_low_fat,1.722205,evroopt,567997,1.55,2022-03-16 06:30:02,2022-03-16,True,"«Бабушкина крынка» ультрапастеризованное, 1.5%, 900 мл"
milk_high_fat,1.988869,evroopt,568002,1.79,2022-03-16 06:30:02,2022-03-16,True,"«Бабушкина крынка» ультрапастеризованное, 3.2%, 900 мл"
tvaroh,2.5,evroopt,684114,2.5,2022-03-16 06:30:02,2022-03-16,True,"Творог рассыпчатый «Савушкин», 5%, 350 г"
oatmeal,0.89,evroopt,1192,0.89,2022-03-16 06:30:02,2022-03-16,True,"Хлопья овсяные «Экстра» № 3, 500 г"
bread,0.84,evroopt,882055,0.84,2022-03-16 06:30:02,2022-03-16,True,"Хлеб «Майский» традиционный, 450 г"
chicken,5.683308,evroopt,440852,5.48,2022-03-16 06:30:02,2022-03-16,False,"Тушка цыплёнка-бройлера охлаждённая, 1 кг., фасовка 1.4 кг"
kaubasa,10.025,evroopt,457685,4.01,2022-03-16 06:30:02,2022-03-16,False,Колбаса вареная «Молочная» новая 400 г
milk_low_fat,1.722205,evroopt,567997,1.55,2022-03-17 06:30:02,2022-03-17,True,"«Бабушкина крынка» ультрапастеризованное, 1.5%, 900 мл"
milk_high_fat,1.988869,evroopt,568002,1.79,2022-03-17 06:30:02,2022-03-17,True,"«Бабушкина крынка» ультрапастеризованное, 3.2%, 900 мл"
tvaroh,2.5,evroopt,684114,2.5,2022-03-17 06:30:02,2022-03-17,True,"Творог рассыпчатый «Савушкин», 5%, 350 г"
egg,2.62,evroopt,24541,2.62,2022-03-17 06:30:02,2022-03-17,True,"«1-я Минская птицефабрика» С1, 10 шт"
oatmeal,0.89,evroopt,1192,0.89,2022-03-17 06:30:02,2022-03-17,True,"Хлопья овсяные «Экстра» № 3, 500 г"
bread,0.84,evroopt,882055,0.84,2022-03-17 06:30:02,2022-03-17,True,"Хлеб «Майский» традиционный, 450 г"
chicken,5.683308,evroopt,440852,5.48,2022-03-17 06:30:02,2022-03-17,False,"Тушка цыплёнка-бройлера охлаждённая, 1 кг., фасовка 1.4 кг"
kaubasa,10.025,evroopt,457685,4.01,2022-03-17 06:30:02,2022-03-17,False,Колбаса вареная «Молочная» новая 400 г
milk_low_fat,1.722205,evroopt,567997,1.55,2022-03-18 06:30:02,2022-03-18,True,"«Бабушкина крынка» ультрапастеризованное, 1.5%, 900 мл"
milk_high_fat,1.988869,evroopt,568002,1.79,2022-03-18 06:30:02,2022-03-18,True,"«Бабушкина крынка» ультрапастеризованное, 3.2%, 900 мл"
cheese,3.56,evroopt,761990,3.56,2022-03-18 06:30:02,2022-03-18,True,"«Брест-Литовск» Классический, 45 %, 200 г"
tvaroh,2.5,evroopt,684114,2.5,2022-03-18 06:30:02,2022-03-18,True,"Творог рассыпчатый «Савушкин», 5%, 350 г"
egg,2.66,evroopt,379379,2.66,2022-03-18 06:30:02,2022-03-18,True,"«1-я Минская птицефабрика» С1, 10 шт"
oatmeal,0.89,evroopt,1192,0.89,2022-03-18 06:30:02,2022-03-18,True,"Хлопья овсяные «Экстра» № 3, 500 г"
bread,0.84,evroopt,882055,0.84,2022-03-18 06:30:02,2022-03-18,True,"Хлеб «Майский» традиционный, 450 г"
chicken,5.683308,evroopt,440852,5.48,2022-03-18 06:30:02,2022-03-18,False,"Тушка цыплёнка-бройлера охлаждённая, 1 кг., фасовка 1.4 кг"
kaubasa,10.025,evroopt,457685,4.01,2022-03-18 06:30:02,2022-03-18,False,Колбаса вареная «Молочная» новая 400 г
milk_low_fat,1.722205,evroopt,567997,1.55,2022-03-19 06:30:01,2022-03-19,True,"«Бабушкина крынка» ультрапастеризованное, 1.5%, 900 мл"
milk_high_fat,1.988869,evroopt,568002,1.79,2022-03-19 06:30:01,2022-03-19,True,"«Бабушкина крынка» ультрапастеризованное, 3.2%, 900 мл"
tvaroh,2.5,evroopt,684114,2.5,2022-03-19 06:30:01,2022-03-19,True,"Творог рассыпчатый «Савушкин», 5%, 350 г"
egg,2.62,evroopt,24541,2.62,2022-03-19 06:30:01,2022-03-19,True,"«1-я Минская птицефабрика» С1, 10 шт"
oatmeal,0.89,evroopt,1192,0.89,2022-03-19 06:30:01,2022-03-19,True,"Хлопья овсяные «Экстра» № 3, 500 г"
bread,0.84,evroopt,882055,0.84,2022-03-19 06:30:01,2022-03-19,True,"Хлеб «Майский» традиционный, 450 г"
chicken,5.683308,evroopt,440852,5.48,2022-03-19 06:30:01,2022-03-19,False,"Тушка цыплёнка-бройлера охлаждённая, 1 кг., фасовка 1.4 кг"
cheese,3.562665,evroopt,967482,3.27,2022-03-19 06:30:01,2022-03-19,False,"«Брест-Литовск» Российский, 50%, 200 г"
kaubasa,10.025,evroopt,457685,4.01,2022-03-19 06:30:01,2022-03-19,False,Колбаса вареная «Молочная» новая 400 г
